Designator,Val,Package,Mid X,Mid Y,Rotation,Layer
J5,Conn_01x18_Socket,FPC_1.0K-ES-18PWB,113.150000,-173.600000,0.000000,bottom
C1,100n,C_0603_1608Metric,261.450000,-14.100000,180.000000,top
C2,22u,C_0603_1608Metric,264.450000,-14.100000,0.000000,top
C3,10u,C_0402_1005Metric,288.750000,-11.100000,180.000000,top
C4,100n,C_0603_1608Metric,291.400000,-11.100000,0.000000,top
C5,10u,C_0402_1005Metric,290.820000,-12.550000,0.000000,top
C6,100n,C_0603_1608Metric,52.825000,-101.325000,90.000000,top
C7,100n,C_0603_1608Metric,71.650000,-129.525000,-90.000000,top
C8,100n,C_0603_1608Metric,112.600000,-169.250000,-90.000000,top
C9,100n,C_0603_1608Metric,84.050000,-121.400000,-90.000000,top
C10,100n,C_0603_1608Metric,38.150000,-61.350000,0.000000,top
C11,100n,C_0603_1608Metric,77.100000,-73.500000,-90.000000,top
C12,100n,C_0603_1608Metric,159.700000,-80.000000,0.000000,top
C13,100n,C_0603_1608Metric,129.450000,-75.600000,-90.000000,top
C14,100n,C_0603_1608Metric,93.300000,-96.425000,90.000000,top
C15,100n,C_0603_1608Metric,193.100000,-89.700000,-90.000000,top
C16,100n,C_0603_1608Metric,81.425000,-35.300000,90.000000,top
C17,100n,C_0603_1608Metric,120.625000,-68.625000,-90.000000,top
C18,100n,C_0603_1608Metric,186.200000,-51.600000,90.000000,top
C19,100n,C_0603_1608Metric,105.100000,-104.550000,90.000000,top
C20,100n,C_0603_1608Metric,127.500000,-101.600000,90.000000,top
C21,100n,C_0603_1608Metric,94.250000,-70.500000,-90.000000,top
C22,100n,C_0603_1608Metric,173.000000,-84.000000,90.000000,top
C23,100n,C_0603_1608Metric,137.900000,-67.550000,-90.000000,top
C24,100n,C_0603_1608Metric,121.500000,-96.050000,90.000000,top
C25,100n,C_0603_1608Metric,141.550000,-79.250000,90.000000,top
C26,100n,C_0603_1608Metric,75.200000,-41.850000,90.000000,top
C27,100n,C_0603_1608Metric,156.100000,-46.200000,90.000000,top
C28,100n,C_0603_1608Metric,194.000000,-39.100000,90.000000,top
C29,100n,C_0603_1608Metric,119.650000,-105.350000,90.000000,top
C30,100n,C_0603_1608Metric,152.250000,-85.150000,180.000000,top
C31,100n,C_0603_1608Metric,93.500000,-64.950000,-90.000000,top
C32,100n,C_0603_1608Metric,100.500000,-83.650000,-90.000000,top
C33,100n,C_0603_1608Metric,83.375000,-90.450000,0.000000,top
C34,100n,C_0603_1608Metric,129.750000,-49.850000,0.000000,top
C35,100n,C_0603_1608Metric,148.500000,-84.600000,-90.000000,top
C36,100n,C_0603_1608Metric,71.400000,-37.900000,90.000000,top
C37,100n,C_0603_1608Metric,148.500000,-49.700000,90.000000,top
C38,100n,C_0603_1608Metric,164.300000,-36.400000,-90.000000,top
C39,100n,C_0603_1608Metric,112.700000,-74.000000,-90.000000,top
C40,100n,C_0603_1608Metric,105.900000,-74.000000,-90.000000,top
C41,100n,C_0603_1608Metric,104.000000,-63.650000,-90.000000,top
C42,100n,C_0603_1608Metric,120.100000,-81.250000,-90.000000,top
C43,100n,C_0603_1608Metric,89.950000,-102.825000,-90.000000,top
C44,100n,C_0603_1608Metric,128.275000,-66.600000,-90.000000,top
C45,100n,C_0603_1608Metric,88.500000,-84.600000,-90.000000,top
C46,100n,C_0603_1608Metric,66.425000,-59.700000,180.000000,top
C47,100n,C_0603_1608Metric,158.700000,-63.575000,-90.000000,top
C48,100n,C_0603_1608Metric,185.700000,-56.400000,90.000000,top
C49,100n,C_0603_1608Metric,300.660000,-99.080000,90.000000,top
C50,100n,C_0603_1608Metric,140.150000,-68.900000,180.000000,top
C51,100n,C_0603_1608Metric,204.200000,-74.500000,90.000000,top
C52,100n,C_0603_1608Metric,210.900000,-86.700000,-90.000000,top
C53,100n,C_0603_1608Metric,165.300000,-55.200000,-90.000000,top
C54,100n,C_0603_1608Metric,177.175000,-53.700000,180.000000,top
C55,100n,C_0603_1608Metric,202.000000,-100.000000,180.000000,top
C56,100n,C_0603_1608Metric,178.100000,-97.900000,90.000000,top
C57,100n,C_0603_1608Metric,97.875000,-23.700000,180.000000,top
C58,100n,C_0603_1608Metric,58.250000,-64.900000,90.000000,top
C59,100n,C_0603_1608Metric,183.150000,-126.025000,90.000000,top
C60,100n,C_0603_1608Metric,188.250000,-134.800000,180.000000,top
C61,100n,C_0603_1608Metric,111.500000,-56.250000,-90.000000,top
C62,100n,C_0603_1608Metric,113.550000,-62.750000,-90.000000,top
C63,100n,C_0603_1608Metric,199.900000,-128.750000,0.000000,top
C64,100n,C_0603_1608Metric,223.170000,-140.830000,-90.000000,top
C65,100n,C_0603_1608Metric,195.300000,-69.400000,-90.000000,top
C66,100n,C_0603_1608Metric,248.325000,-117.200000,180.000000,top
C67,100n,C_0603_1608Metric,196.900000,-82.620000,90.000000,top
C68,100n,C_0603_1608Metric,199.500000,-88.100000,-90.000000,top
C69,100n,C_0603_1608Metric,89.550000,-32.225000,180.000000,top
C70,100n,C_0603_1608Metric,114.525000,-32.450000,90.000000,top
C71,100n,C_0603_1608Metric,211.700000,-96.000000,180.000000,top
C72,100n,C_0603_1608Metric,193.300000,-103.000000,180.000000,top
C73,100n,C_0603_1608Metric,173.700000,-50.500000,-90.000000,top
C74,100n,C_0603_1608Metric,174.700000,-66.200000,90.000000,top
C75,100n,C_0603_1608Metric,296.800000,-91.440000,90.000000,top
C76,100n,C_0603_1608Metric,292.100000,-96.100000,90.000000,top
C77,100n,C_0603_1608Metric,189.900000,-60.000000,-90.000000,top
C78,100n,C_0603_1608Metric,182.000000,-76.000000,-90.000000,top
C79,100n,C_0603_1608Metric,234.700000,-64.300000,90.000000,top
C80,100n,C_0603_1608Metric,241.800000,-85.300000,-90.000000,top
C81,100n,C_0603_1608Metric,259.060000,-149.270000,-90.000000,top
C82,100n,C_0603_1608Metric,250.330000,-146.100000,-90.000000,top
C83,100n,C_0603_1608Metric,175.825000,-111.850000,-90.000000,top
C84,100n,C_0603_1608Metric,177.000000,-135.975000,90.000000,top
C85,100n,C_0603_1608Metric,184.700000,-161.375000,-90.000000,top
C86,100n,C_0603_1608Metric,213.150000,-116.675000,-90.000000,top
C87,100n,C_0603_1608Metric,220.800000,-91.200000,0.000000,top
C88,100n,C_0603_1608Metric,212.500000,-75.800000,180.000000,top
C89,100n,C_0603_1608Metric,190.200000,-84.000000,90.000000,top
C90,100n,C_0603_1608Metric,221.500000,-96.800000,90.000000,top
C91,100n,C_0603_1608Metric,186.025000,-111.475000,-90.000000,top
C92,100n,C_0603_1608Metric,171.350000,-149.775000,180.000000,top
C93,100n,C_0603_1608Metric,212.375000,-126.025000,90.000000,top
C94,100n,C_0603_1608Metric,205.650000,-128.350000,180.000000,top
C95,100n,C_0603_1608Metric,192.725000,-116.500000,180.000000,top
C96,100n,C_0603_1608Metric,196.675000,-138.825000,-90.000000,top
C97,100n,C_0603_1608Metric,196.175000,-144.425000,-90.000000,top
C98,100n,C_0603_1608Metric,193.000000,-147.825000,-90.000000,top
C99,100n,C_0603_1608Metric,230.300000,-117.800000,90.000000,top
C100,100n,C_0603_1608Metric,236.800000,-109.200000,90.000000,top
C101,100n,C_0603_1608Metric,252.300000,-114.400000,90.000000,top
C102,100n,C_0603_1608Metric,242.800000,-99.700000,-90.000000,top
C103,100n,C_0603_1608Metric,228.870000,-132.010000,-90.000000,top
C104,100n,C_0603_1608Metric,207.400000,-148.500000,90.000000,top
C105,100n,C_0603_1608Metric,230.450000,-162.750000,-90.000000,top
C106,100n,C_0603_1608Metric,309.580000,-108.570000,0.000000,top
C107,100n,C_0603_1608Metric,232.500000,-99.000000,180.000000,top
C108,100n,C_0603_1608Metric,225.300000,-85.400000,180.000000,top
C109,100n,C_0603_1608Metric,267.100000,-84.900000,90.000000,top
C110,100n,C_0603_1608Metric,292.100000,-87.500000,90.000000,top
C111,100n,C_0603_1608Metric,250.500000,-81.300000,90.000000,top
C112,100n,C_0603_1608Metric,263.800000,-97.000000,-90.000000,top
C113,100n,C_0603_1608Metric,274.600000,-95.900000,180.000000,top
C114,100n,C_0603_1608Metric,275.700000,-85.900000,90.000000,top
C115,100n,C_0603_1608Metric,210.850000,-138.130000,-90.000000,top
C116,100n,C_0603_1608Metric,212.600000,-139.280000,-90.000000,top
C117,100n,C_0603_1608Metric,242.440000,-154.990000,-90.000000,top
C118,100n,C_0603_1608Metric,274.200000,-117.860000,90.000000,top
C119,100n,C_0603_1608Metric,228.600000,-101.600000,90.000000,top
C120,100n,C_0603_1608Metric,222.325000,-107.800000,0.000000,top
C121,100n,C_0603_1608Metric,192.500000,-72.500000,-90.000000,top
C122,100n,C_0603_1608Metric,261.500000,-110.600000,180.000000,top
C123,100n,C_0603_1608Metric,227.540000,-138.870000,0.000000,top
C124,100n,C_0603_1608Metric,234.770000,-150.580000,-90.000000,top
C125,100n,C_0603_1608Metric,212.450000,-165.150000,-90.000000,top
C126,100n,C_0603_1608Metric,292.160000,-109.260000,90.000000,top
C127,100n,C_0603_1608Metric,203.100000,-152.500000,90.000000,top
C128,100n,C_0603_1608Metric,212.900000,-155.475000,90.000000,top
C129,100n,C_0603_1608Metric,223.550000,-168.525000,-90.000000,top
C130,100n,C_0603_1608Metric,308.450000,-104.880000,0.000000,top
C131,100n,C_0603_1608Metric,26.225000,-67.775000,90.000000,top
C132,100n,C_0603_1608Metric,20.550000,-57.850000,-90.000000,top
C133,100n,C_0603_1608Metric,39.725000,-120.050000,-90.000000,top
C134,100n,C_0603_1608Metric,142.025000,-31.775000,180.000000,top
C135,100n,C_0603_1608Metric,139.750000,-15.675000,90.000000,top
C136,100n,C_0603_1608Metric,137.075000,-24.550000,180.000000,top
C137,100n,C_0603_1608Metric,110.425000,-27.325000,90.000000,top
C138,100n,C_0603_1608Metric,96.275000,-129.650000,-90.000000,top
C139,100n,C_0603_1608Metric,106.225000,-119.300000,-90.000000,top
C140,100n,C_0603_1608Metric,120.125000,-121.850000,-90.000000,top
C141,100n,C_0603_1608Metric,107.425000,-133.525000,0.000000,top
C142,100n,C_0603_1608Metric,247.230000,-130.060000,90.000000,top
C143,100n,C_0603_1608Metric,253.580000,-136.270000,90.000000,top
C144,100n,C_0603_1608Metric,260.040000,-135.070000,90.000000,top
C145,100n,C_0603_1608Metric,265.020000,-135.460000,90.000000,top
C146,100n,C_0603_1608Metric,67.300000,-135.075000,-90.000000,top
C147,100n,C_0603_1608Metric,66.200000,-116.900000,90.000000,top
C148,100n,C_0603_1608Metric,70.675000,-98.700000,90.000000,top
C149,100n,C_0603_1608Metric,121.425000,-151.025000,90.000000,top
C150,100n,C_0603_1608Metric,172.300000,-77.800000,-90.000000,top
C151,100n,C_0603_1608Metric,65.725000,-82.125000,-90.000000,top
C152,100n,C_0603_1608Metric,33.875000,-65.075000,90.000000,top
C153,100n,C_0603_1608Metric,13.800000,-75.400000,-90.000000,top
C154,100n,C_0603_1608Metric,112.650000,-16.675000,-90.000000,top
C155,100n,C_0603_1608Metric,141.500000,-37.475000,0.000000,top
C156,100n,C_0603_1608Metric,155.600000,-37.575000,-90.000000,top
C157,100n,C_0603_1608Metric,150.200000,-28.525000,90.000000,top
C158,100n,C_0603_1608Metric,97.625000,-141.100000,-90.000000,top
C159,100n,C_0603_1608Metric,107.675000,-153.000000,90.000000,top
C160,100n,C_0603_1608Metric,121.400000,-130.950000,180.000000,top
C161,100n,C_0603_1608Metric,152.375000,-145.400000,-90.000000,top
C162,100n,C_0603_1608Metric,273.530000,-143.590000,0.000000,top
C163,100n,C_0603_1608Metric,264.210000,-144.070000,-90.000000,top
C164,100n,C_0603_1608Metric,260.460000,-122.880000,-90.000000,top
C165,100n,C_0603_1608Metric,251.880000,-128.020000,-90.000000,top
C166,100n,C_0603_1608Metric,104.100000,-164.800000,-90.000000,top
C167,100n,C_0603_1608Metric,83.350000,-131.050000,180.000000,top
C168,100n,C_0603_1608Metric,58.500000,-110.700000,90.000000,top
C169,100n,C_0603_1608Metric,66.500000,-112.400000,180.000000,top
C170,100n,C_0603_1608Metric,25.950000,-95.075000,90.000000,top
C171,100n,C_0603_1608Metric,38.650000,-112.050000,0.000000,top
C172,100n,C_0603_1608Metric,55.625000,-54.300000,90.000000,top
C173,100n,C_0603_1608Metric,58.675000,-96.600000,0.000000,top
C174,100n,C_0603_1608Metric,178.500000,-41.100000,90.000000,top
C175,100n,C_0603_1608Metric,151.600000,-38.225000,-90.000000,top
C176,100n,C_0603_1608Metric,147.750000,-35.725000,-90.000000,top
C177,100n,C_0603_1608Metric,132.450000,-41.700000,0.000000,top
C178,100n,C_0603_1608Metric,144.875000,-118.900000,0.000000,top
C179,100n,C_0603_1608Metric,150.975000,-111.150000,0.000000,top
C180,100n,C_0603_1608Metric,163.600000,-123.475000,-90.000000,top
C181,100n,C_0603_1608Metric,167.175000,-100.450000,-90.000000,top
C182,100n,C_0603_1608Metric,275.410000,-127.280000,-90.000000,top
C183,100n,C_0603_1608Metric,272.180000,-109.290000,-90.000000,top
C184,100n,C_0603_1608Metric,283.685000,-110.720000,180.000000,top
C185,100n,C_0603_1608Metric,267.500000,-104.400000,90.000000,top
C186,100n,C_0603_1608Metric,48.750000,-104.250000,0.000000,top
C187,100n,C_0603_1608Metric,119.250000,-162.450000,-90.000000,top
C188,100n,C_0603_1608Metric,89.400000,-150.375000,-90.000000,top
C189,100n,C_0603_1608Metric,77.475000,-145.750000,180.000000,top
C190,100n,C_0603_1608Metric,111.100000,-14.000000,90.000000,top
C191,100n,C_0603_1608Metric,5.500000,-64.725000,90.000000,top
C192,100n,C_0603_1608Metric,25.250000,-83.500000,90.000000,top
C193,100n,C_0603_1608Metric,43.225000,-98.150000,-90.000000,top
C194,100n,C_0603_1608Metric,93.950000,-45.200000,180.000000,top
C195,100n,C_0603_1608Metric,99.775000,-48.850000,180.000000,top
C196,100n,C_0603_1608Metric,87.775000,-44.075000,90.000000,top
C197,100n,C_0603_1608Metric,68.750000,-45.300000,-90.000000,top
C198,100n,C_0603_1608Metric,136.150000,-140.950000,-90.000000,top
C199,100n,C_0603_1608Metric,157.250000,-138.850000,-90.000000,top
C200,100n,C_0603_1608Metric,136.100000,-118.375000,-90.000000,top
C201,100n,C_0603_1608Metric,153.175000,-102.175000,0.000000,top
C202,100n,C_0603_1608Metric,278.290000,-118.720000,90.000000,top
C203,100n,C_0603_1608Metric,278.510000,-109.480000,-90.000000,top
C204,100n,C_0603_1608Metric,287.820000,-102.670000,-90.000000,top
C205,100n,C_0603_1608Metric,293.900000,-89.800000,0.000000,top
C206,100n,C_0603_1608Metric,55.000000,-121.400000,180.000000,top
C207,100n,C_0603_1608Metric,58.600000,-48.150000,90.000000,top
C208,100n,C_0603_1608Metric,78.525000,-53.625000,180.000000,top
C209,100n,C_0603_1608Metric,163.025000,-108.400000,90.000000,top
C210,100n,C_0603_1608Metric,255.900000,-74.100000,90.000000,top
C211,100n,C_0603_1608Metric,286.900000,-90.600000,0.000000,top
C212,100n,C_0603_1608Metric,282.200000,-85.900000,180.000000,top
C213,100n,C_0603_1608Metric,105.100000,-76.400000,180.000000,top
C214,100n,C_0603_1608Metric,112.700000,-77.100000,-90.000000,top
C225,2200u,CP_Radial_D13.0mm_P5.00mm,256.565215,-38.950000,180.000000,top
D1,SK6812-EC20,LED_SK6812-EC20,107.850000,-74.015000,0.000000,top
D2,SK6812-EC20,LED_SK6812-EC20,110.395000,-74.015000,0.000000,top
D3,SK6812-EC20,LED_SK6812-EC20,110.395000,-77.115000,180.000000,top
D4,SK6812-EC20,LED_SK6812-EC20,107.850000,-77.115000,180.000000,top
D5,SK6812-EC20,LED_SK6812-EC20,102.415000,-83.750000,0.000000,top
D6,SK6812-EC20,LED_SK6812-EC20,118.085000,-81.450000,0.000000,top
D7,SK6812-EC20,LED_SK6812-EC20,127.585000,-75.650000,0.000000,top
D8,SK6812-EC20,LED_SK6812-EC20,135.985000,-67.750000,0.000000,top
D9,SK6812-EC20,LED_SK6812-EC20,139.585000,-70.850000,180.000000,top
D10,SK6812-EC20,LED_SK6812-EC20,143.385000,-78.950000,180.000000,top
D11,SK6812-EC20,LED_SK6812-EC20,146.585000,-84.550000,0.000000,top
D12,SK6812-EC20,LED_SK6812-EC20,152.185000,-87.150000,180.000000,top
D13,SK6812-EC20,LED_SK6812-EC20,129.385000,-101.550000,180.000000,top
D14,SK6812-EC20,LED_SK6812-EC20,119.485000,-96.250000,180.000000,top
D15,SK6812-EC20,LED_SK6812-EC20,117.185000,-106.150000,180.000000,top
D16,SK6812-EC20,LED_SK6812-EC20,107.385000,-104.750000,180.000000,top
D17,SK6812-EC20,LED_SK6812-EC20,88.000000,-102.750000,0.000000,top
D18,SK6812-EC20,LED_SK6812-EC20,95.300000,-96.350000,180.000000,top
D19,SK6812-EC20,LED_SK6812-EC20,82.985000,-92.450000,0.000000,top
D20,SK6812-EC20,LED_SK6812-EC20,90.900000,-83.400000,0.000000,top
D21,SK6812-EC20,LED_SK6812-EC20,75.200000,-73.500000,0.000000,top
D22,SK6812-EC20,LED_SK6812-EC20,92.315000,-70.450000,0.000000,top
D23,SK6812-EC20,LED_SK6812-EC20,91.585000,-64.650000,0.000000,top
D24,SK6812-EC20,LED_SK6812-EC20,102.100000,-63.900000,0.000000,top
D25,SK6812-EC20,LED_SK6812-EC20,109.615000,-56.150000,0.000000,top
D26,SK6812-EC20,LED_SK6812-EC20,111.685000,-62.550000,0.000000,top
D27,SK6812-EC20,LED_SK6812-EC20,118.415000,-67.650000,0.000000,top
D28,SK6812-EC20,LED_SK6812-EC20,126.300000,-66.700000,0.000000,top
D29,SK6812-EC20,LED_SK6812-EC20,129.515000,-51.850000,0.000000,top
D30,SK6812-EC20,LED_SK6812-EC20,132.715000,-43.750000,0.000000,top
D31,SK6812-EC20,LED_SK6812-EC20,141.415000,-39.450000,0.000000,top
D32,SK6812-EC20,LED_SK6812-EC20,145.885000,-35.450000,0.000000,top
D33,SK6812-EC20,LED_SK6812-EC20,149.685000,-38.450000,0.000000,top
D34,SK6812-EC20,LED_SK6812-EC20,157.585000,-37.850000,0.000000,top
D35,SK6812-EC20,LED_SK6812-EC20,148.285000,-28.850000,180.000000,top
D36,SK6812-EC20,LED_SK6812-EC20,141.985000,-29.750000,0.000000,top
D37,SK6812-EC20,LED_SK6812-EC20,137.785000,-15.850000,180.000000,top
D38,SK6812-EC20,LED_SK6812-EC20,136.815000,-26.550000,180.000000,top
D39,SK6812-EC20,LED_SK6812-EC20,112.600000,-32.500000,180.000000,top
D40,SK6812-EC20,LED_SK6812-EC20,113.385000,-27.350000,180.000000,top
D41,SK6812-EC20,LED_SK6812-EC20,116.300000,-16.600000,0.000000,top
D42,SK6812-EC20,LED_SK6812-EC20,113.500000,-13.700000,180.000000,top
D43,SK6812-EC20,LED_SK6812-EC20,97.500000,-25.700000,180.000000,top
D44,SK6812-EC20,LED_SK6812-EC20,89.415000,-34.250000,180.000000,top
D45,SK6812-EC20,LED_SK6812-EC20,93.700000,-43.200000,180.000000,top
D46,SK6812-EC20,LED_SK6812-EC20,99.685000,-50.850000,180.000000,top
D47,SK6812-EC20,LED_SK6812-EC20,89.885000,-44.550000,180.000000,top
D48,SK6812-EC20,LED_SK6812-EC20,79.415000,-35.650000,180.000000,top
D49,SK6812-EC20,LED_SK6812-EC20,77.100000,-42.100000,180.000000,top
D50,SK6812-EC20,LED_SK6812-EC20,69.500000,-38.500000,180.000000,top
D51,SK6812-EC20,LED_SK6812-EC20,70.685000,-45.450000,0.000000,top
D52,SK6812-EC20,LED_SK6812-EC20,78.085000,-55.650000,180.000000,top
D53,SK6812-EC20,LED_SK6812-EC20,66.400000,-57.700000,180.000000,top
D54,SK6812-EC20,LED_SK6812-EC20,60.215000,-64.650000,180.000000,top
D55,SK6812-EC20,LED_SK6812-EC20,60.500000,-48.300000,180.000000,top
D56,SK6812-EC20,LED_SK6812-EC20,53.700000,-54.300000,180.000000,top
D57,SK6812-EC20,LED_SK6812-EC20,38.185000,-59.250000,180.000000,top
D58,SK6812-EC20,LED_SK6812-EC20,35.800000,-65.200000,180.000000,top
D59,SK6812-EC20,LED_SK6812-EC20,24.285000,-68.050000,180.000000,top
D60,SK6812-EC20,LED_SK6812-EC20,18.600000,-58.000000,0.000000,top
D61,SK6812-EC20,LED_SK6812-EC20,3.600000,-65.000000,180.000000,top
D62,SK6812-EC20,LED_SK6812-EC20,11.915000,-75.250000,0.000000,top
D63,SK6812-EC20,LED_SK6812-EC20,27.185000,-83.250000,180.000000,top
D64,SK6812-EC20,LED_SK6812-EC20,24.015000,-95.350000,180.000000,top
D65,SK6812-EC20,LED_SK6812-EC20,37.800000,-120.300000,0.000000,top
D66,SK6812-EC20,LED_SK6812-EC20,38.515000,-114.050000,0.000000,top
D67,SK6812-EC20,LED_SK6812-EC20,41.315000,-98.250000,0.000000,top
D68,SK6812-EC20,LED_SK6812-EC20,48.715000,-106.250000,0.000000,top
D69,SK6812-EC20,LED_SK6812-EC20,50.915000,-101.250000,0.000000,top
D70,SK6812-EC20,LED_SK6812-EC20,58.600000,-98.600000,0.000000,top
D71,SK6812-EC20,LED_SK6812-EC20,63.785000,-82.050000,0.000000,top
D72,SK6812-EC20,LED_SK6812-EC20,68.715000,-98.950000,180.000000,top
D73,SK6812-EC20,LED_SK6812-EC20,66.215000,-110.350000,180.000000,top
D74,SK6812-EC20,LED_SK6812-EC20,68.115000,-117.050000,180.000000,top
D75,SK6812-EC20,LED_SK6812-EC20,56.585000,-110.950000,180.000000,top
D76,SK6812-EC20,LED_SK6812-EC20,54.815000,-123.450000,180.000000,top
D77,SK6812-EC20,LED_SK6812-EC20,65.315000,-135.050000,0.000000,top
D78,SK6812-EC20,LED_SK6812-EC20,73.600000,-128.700000,0.000000,top
D79,SK6812-EC20,LED_SK6812-EC20,82.100000,-121.300000,0.000000,top
D80,SK6812-EC20,LED_SK6812-EC20,83.015000,-133.050000,180.000000,top
D81,SK6812-EC20,LED_SK6812-EC20,77.115000,-147.750000,180.000000,top
D82,SK6812-EC20,LED_SK6812-EC20,87.500000,-150.500000,0.000000,top
D83,SK6812-EC20,LED_SK6812-EC20,102.185000,-164.750000,0.000000,top
D84,SK6812-EC20,LED_SK6812-EC20,110.685000,-169.850000,0.000000,top
D85,SK6812-EC20,LED_SK6812-EC20,117.315000,-162.550000,0.000000,top
D86,SK6812-EC20,LED_SK6812-EC20,123.385000,-151.150000,180.000000,top
D87,SK6812-EC20,LED_SK6812-EC20,109.600000,-153.200000,180.000000,top
D88,SK6812-EC20,LED_SK6812-EC20,95.685000,-141.050000,0.000000,top
D89,SK6812-EC20,LED_SK6812-EC20,107.115000,-135.650000,0.000000,top
D90,SK6812-EC20,LED_SK6812-EC20,94.385000,-129.650000,180.000000,top
D91,SK6812-EC20,LED_SK6812-EC20,104.285000,-119.550000,0.000000,top
D92,SK6812-EC20,LED_SK6812-EC20,118.200000,-122.100000,0.000000,top
D93,SK6812-EC20,LED_SK6812-EC20,121.000000,-133.000000,180.000000,top
D94,SK6812-EC20,LED_SK6812-EC20,134.215000,-141.250000,0.000000,top
D95,SK6812-EC20,LED_SK6812-EC20,154.385000,-145.650000,0.000000,top
D96,SK6812-EC20,LED_SK6812-EC20,155.185000,-138.350000,0.000000,top
D97,SK6812-EC20,LED_SK6812-EC20,134.200000,-118.200000,0.000000,top
D98,SK6812-EC20,LED_SK6812-EC20,144.515000,-120.950000,0.000000,top
D99,SK6812-EC20,LED_SK6812-EC20,150.785000,-113.150000,0.000000,top
D100,SK6812-EC20,LED_SK6812-EC20,152.900000,-104.200000,0.000000,top
D101,SK6812-EC20,LED_SK6812-EC20,165.225000,-100.500000,0.000000,top
D102,SK6812-EC20,LED_SK6812-EC20,161.115000,-108.550000,180.000000,top
D103,SK6812-EC20,LED_SK6812-EC20,161.615000,-123.450000,0.000000,top
D104,SK6812-EC20,LED_SK6812-EC20,177.800000,-111.600000,0.000000,top
D105,SK6812-EC20,LED_SK6812-EC20,184.085000,-111.750000,0.000000,top
D106,SK6812-EC20,LED_SK6812-EC20,192.785000,-114.450000,180.000000,top
D107,SK6812-EC20,LED_SK6812-EC20,181.100000,-126.300000,180.000000,top
D108,SK6812-EC20,LED_SK6812-EC20,187.885000,-136.850000,180.000000,top
D109,SK6812-EC20,LED_SK6812-EC20,175.085000,-136.250000,180.000000,top
D110,SK6812-EC20,LED_SK6812-EC20,171.700000,-147.800000,180.000000,top
D111,SK6812-EC20,LED_SK6812-EC20,182.785000,-161.650000,0.000000,top
D112,SK6812-EC20,LED_SK6812-EC20,210.185000,-165.050000,0.000000,top
D113,SK6812-EC20,LED_SK6812-EC20,221.585000,-168.450000,0.000000,top
D114,SK6812-EC20,LED_SK6812-EC20,233.185000,-161.950000,0.000000,top
D115,SK6812-EC20,LED_SK6812-EC20,214.885000,-155.650000,180.000000,top
D116,SK6812-EC20,LED_SK6812-EC20,209.285000,-148.650000,180.000000,top
D117,SK6812-EC20,LED_SK6812-EC20,204.985000,-152.750000,180.000000,top
D118,SK6812-EC20,LED_SK6812-EC20,194.985000,-147.950000,0.000000,top
D119,SK6812-EC20,LED_SK6812-EC20,198.085000,-144.150000,0.000000,top
D120,SK6812-EC20,LED_SK6812-EC20,198.585000,-138.550000,0.000000,top
D121,SK6812-EC20,LED_SK6812-EC20,200.285000,-126.750000,0.000000,top
D122,SK6812-EC20,LED_SK6812-EC20,211.285000,-116.950000,0.000000,top
D123,SK6812-EC20,LED_SK6812-EC20,210.485000,-125.750000,180.000000,top
D124,SK6812-EC20,LED_SK6812-EC20,205.285000,-130.350000,180.000000,top
D125,SK6812-EC20,LED_SK6812-EC20,208.985000,-137.850000,0.000000,top
D126,SK6812-EC20,LED_SK6812-EC20,214.485000,-139.550000,0.000000,top
D127,SK6812-EC20,LED_SK6812-EC20,221.285000,-140.550000,0.000000,top
D128,SK6812-EC20,LED_SK6812-EC20,227.185000,-140.850000,0.000000,top
D129,SK6812-EC20,LED_SK6812-EC20,226.985000,-131.750000,0.000000,top
D130,SK6812-EC20,LED_SK6812-EC20,232.885000,-150.850000,0.000000,top
D131,SK6812-EC20,LED_SK6812-EC20,244.515000,-154.750000,0.000000,top
D132,SK6812-EC20,LED_SK6812-EC20,248.400000,-146.400000,0.000000,top
D133,SK6812-EC20,LED_SK6812-EC20,257.115000,-149.550000,0.000000,top
D134,SK6812-EC20,LED_SK6812-EC20,262.315000,-144.350000,0.000000,top
D135,SK6812-EC20,LED_SK6812-EC20,273.885000,-141.550000,0.000000,top
D136,SK6812-EC20,LED_SK6812-EC20,266.915000,-135.750000,180.000000,top
D137,SK6812-EC20,LED_SK6812-EC20,258.085000,-135.350000,180.000000,top
D138,SK6812-EC20,LED_SK6812-EC20,251.685000,-136.550000,180.000000,top
D139,SK6812-EC20,LED_SK6812-EC20,245.315000,-130.350000,0.000000,top
D140,SK6812-EC20,LED_SK6812-EC20,253.915000,-127.750000,0.000000,top
D141,SK6812-EC20,LED_SK6812-EC20,258.515000,-123.150000,0.000000,top
D142,SK6812-EC20,LED_SK6812-EC20,273.485000,-127.550000,0.000000,top
D143,SK6812-EC20,LED_SK6812-EC20,280.200000,-119.000000,180.000000,top
D144,SK6812-EC20,LED_SK6812-EC20,272.315000,-118.150000,180.000000,top
D145,SK6812-EC20,LED_SK6812-EC20,274.085000,-109.350000,0.000000,top
D146,SK6812-EC20,LED_SK6812-EC20,280.400000,-109.200000,0.000000,top
D147,SK6812-EC20,LED_SK6812-EC20,283.315000,-112.750000,180.000000,top
D148,SK6812-EC20,LED_SK6812-EC20,289.715000,-102.950000,0.000000,top
D149,SK6812-EC20,LED_SK6812-EC20,290.285000,-109.550000,180.000000,top
D150,SK6812-EC20,LED_SK6812-EC20,309.200000,-110.600000,0.000000,top
D151,SK6812-EC20,LED_SK6812-EC20,304.685000,-103.650000,180.000000,top
D152,SK6812-EC20,LED_SK6812-EC20,302.600000,-98.800000,180.000000,top
D153,SK6812-EC20,LED_SK6812-EC20,298.685000,-91.150000,180.000000,top
D154,SK6812-EC20,LED_SK6812-EC20,294.000000,-96.400000,180.000000,top
D155,SK6812-EC20,LED_SK6812-EC20,293.600000,-91.800000,0.000000,top
D156,SK6812-EC20,LED_SK6812-EC20,290.200000,-87.600000,180.000000,top
D157,SK6812-EC20,LED_SK6812-EC20,286.600000,-92.600000,180.000000,top
D158,SK6812-EC20,LED_SK6812-EC20,282.485000,-87.950000,0.000000,top
D159,SK6812-EC20,LED_SK6812-EC20,273.800000,-85.600000,180.000000,top
D160,SK6812-EC20,LED_SK6812-EC20,274.315000,-97.950000,180.000000,top
D161,SK6812-EC20,LED_SK6812-EC20,265.600000,-104.600000,180.000000,top
D162,SK6812-EC20,LED_SK6812-EC20,261.915000,-96.750000,0.000000,top
D163,SK6812-EC20,LED_SK6812-EC20,269.000000,-85.200000,180.000000,top
D164,SK6812-EC20,LED_SK6812-EC20,259.885000,-74.550000,180.000000,top
D165,SK6812-EC20,LED_SK6812-EC20,248.600000,-81.600000,180.000000,top
D166,SK6812-EC20,LED_SK6812-EC20,239.800000,-85.600000,0.000000,top
D167,SK6812-EC20,LED_SK6812-EC20,236.600000,-64.600000,180.000000,top
D168,SK6812-EC20,LED_SK6812-EC20,225.685000,-83.350000,180.000000,top
D169,SK6812-EC20,LED_SK6812-EC20,232.800000,-97.000000,180.000000,top
D170,SK6812-EC20,LED_SK6812-EC20,240.885000,-99.950000,0.000000,top
D171,SK6812-EC20,LED_SK6812-EC20,261.200000,-112.600000,180.000000,top
D172,SK6812-EC20,LED_SK6812-EC20,254.285000,-114.150000,180.000000,top
D173,SK6812-EC20,LED_SK6812-EC20,248.000000,-119.200000,180.000000,top
D174,SK6812-EC20,LED_SK6812-EC20,238.800000,-109.400000,180.000000,top
D175,SK6812-EC20,LED_SK6812-EC20,232.200000,-118.000000,180.000000,top
D176,SK6812-EC20,LED_SK6812-EC20,222.000000,-109.800000,0.000000,top
D177,SK6812-EC20,LED_SK6812-EC20,230.600000,-101.800000,180.000000,top
D178,SK6812-EC20,LED_SK6812-EC20,223.400000,-96.600000,180.000000,top
D179,SK6812-EC20,LED_SK6812-EC20,221.200000,-89.200000,0.000000,top
D180,SK6812-EC20,LED_SK6812-EC20,215.915000,-74.950000,180.000000,top
D181,SK6812-EC20,LED_SK6812-EC20,202.285000,-74.750000,180.000000,top
D182,SK6812-EC20,LED_SK6812-EC20,198.800000,-82.600000,180.000000,top
D183,SK6812-EC20,LED_SK6812-EC20,201.400000,-87.800000,0.000000,top
D184,SK6812-EC20,LED_SK6812-EC20,209.000000,-87.000000,0.000000,top
D185,SK6812-EC20,LED_SK6812-EC20,211.400000,-98.000000,180.000000,top
D186,SK6812-EC20,LED_SK6812-EC20,202.400000,-98.000000,180.000000,top
D187,SK6812-EC20,LED_SK6812-EC20,193.000000,-101.000000,180.000000,top
D188,SK6812-EC20,LED_SK6812-EC20,195.000000,-89.800000,0.000000,top
D189,SK6812-EC20,LED_SK6812-EC20,188.200000,-84.200000,180.000000,top
D190,SK6812-EC20,LED_SK6812-EC20,176.200000,-97.600000,180.000000,top
D191,SK6812-EC20,LED_SK6812-EC20,171.000000,-84.200000,180.000000,top
D192,SK6812-EC20,LED_SK6812-EC20,160.000000,-78.000000,0.000000,top
D193,SK6812-EC20,LED_SK6812-EC20,170.400000,-78.000000,0.000000,top
D194,SK6812-EC20,LED_SK6812-EC20,180.000000,-76.200000,0.000000,top
D195,SK6812-EC20,LED_SK6812-EC20,190.515000,-72.350000,0.000000,top
D196,SK6812-EC20,LED_SK6812-EC20,193.400000,-69.200000,0.000000,top
D197,SK6812-EC20,LED_SK6812-EC20,188.000000,-60.200000,0.000000,top
D198,SK6812-EC20,LED_SK6812-EC20,187.600000,-56.600000,180.000000,top
D199,SK6812-EC20,LED_SK6812-EC20,188.085000,-51.350000,180.000000,top
D200,SK6812-EC20,LED_SK6812-EC20,196.000000,-39.400000,180.000000,top
D201,SK6812-EC20,LED_SK6812-EC20,176.485000,-41.350000,180.000000,top
D202,SK6812-EC20,LED_SK6812-EC20,162.400000,-36.600000,0.000000,top
D203,SK6812-EC20,LED_SK6812-EC20,158.000000,-46.000000,180.000000,top
D204,SK6812-EC20,LED_SK6812-EC20,150.400000,-50.000000,180.000000,top
D205,SK6812-EC20,LED_SK6812-EC20,156.800000,-63.800000,0.000000,top
D206,SK6812-EC20,LED_SK6812-EC20,163.400000,-55.000000,0.000000,top
D207,SK6812-EC20,LED_SK6812-EC20,171.800000,-50.400000,0.000000,top
D208,SK6812-EC20,LED_SK6812-EC20,176.885000,-55.750000,180.000000,top
D209,SK6812-EC20,LED_SK6812-EC20,172.800000,-66.000000,180.000000,top
D210,LED,LED_0603_1608Metric,256.862500,-23.050000,0.000000,top
D211,LED,LED_0603_1608Metric,256.862500,-20.100000,0.000000,top
D212,SK6812-EC20,LED_SK6812-EC20,20.050000,-174.700000,270.000000,top
D213,SK6812-EC20,LED_SK6812-EC20,20.100000,-167.400000,270.000000,top
D214,SK6812-EC20,LED_SK6812-EC20,20.000000,-160.100000,270.000000,top
D215,SK6812-EC20,LED_SK6812-EC20,20.050000,-152.900000,270.000000,top
D216,SK6812-EC20,LED_SK6812-EC20,20.100000,-145.600000,270.000000,top
D217,SK6812-EC20,LED_SK6812-EC20,14.538892,-174.700000,270.000000,top
D218,SK6812-EC20,LED_SK6812-EC20,14.538892,-167.400000,270.000000,top
D219,SK6812-EC20,LED_SK6812-EC20,14.488892,-160.100000,270.000000,top
D220,SK6812-EC20,LED_SK6812-EC20,14.538892,-152.900000,270.000000,top
D221,SK6812-EC20,LED_SK6812-EC20,14.550000,-145.600000,270.000000,top
J1,Conn_01x18_Socket,FPC_1.0K-ES-18PWB,244.550000,-36.550000,270.000000,top
J2,Barrel_Jack_Switch,XT30PW-M_and_Barrell_jack,247.300000,-12.725000,0.000000,top
J3,Conn_01x18_Socket,FPC_1.0K-ES-18PWB_mechanical_only,6.000000,-157.450000,270.000000,top
J4,Conn_01x08_Pin,PinHeader_2x04_P2.54mm_Vertical,289.300000,-35.850000,0.000000,top
JP27,Jumper_2_Open,PinHeader_1x02_P2.54mm_Vertical,256.850000,-16.050000,180.000000,top
Q1,BSS138,SOT-23,251.087500,-27.950000,0.000000,top
R1,220R,R_0402_1005Metric,259.350000,-22.510000,90.000000,top
R2,470R,R_0402_1005Metric,259.200000,-17.650000,-90.000000,top
R3,10k,R_0402_1005Metric,288.750000,-12.550000,180.000000,top
R4,10K,R_0402_1005Metric,269.550000,-33.950000,180.000000,top
R5,470R,R_0402_1005Metric,104.600000,-74.500000,90.000000,top
R6,10K,R_0402_1005Metric,253.500000,-28.000000,90.000000,top
R7,2K,R_0402_1005Metric,248.650000,-28.100000,-90.000000,top
R19,470R,R_0402_1005Metric,171.100000,-66.200000,90.000000,top
SW1,RESET,SW_TS-1187A-B-A-B,278.012500,-37.550000,180.000000,top
SW2,TEST,SW_TS-1187A-B-A-B,269.600000,-37.550000,180.000000,top
TP1,TestPoint,TestPoint_1.2x3mm,268.750000,-8.650000,0.000000,top
TP2,TestPoint,TestPoint_1.2x3mm,268.750000,-48.550000,0.000000,top
TP3,TestPoint,TestPoint_1.2x3mm,274.750000,-48.550000,0.000000,top
TP4,TestPoint,TestPoint_1.2x3mm,266.750000,-8.650000,0.000000,top
TP5,TestPoint,TestPoint_1.2x3mm,262.750000,-8.650000,0.000000,top
TP6,TestPoint,TestPoint_1.2x3mm,274.750000,-8.650000,0.000000,top
TP7,TestPoint,TestPoint_1.2x3mm,262.750000,-48.550000,0.000000,top
TP8,TestPoint,TestPoint_1.2x3mm,270.750000,-48.550000,0.000000,top
TP9,TestPoint,TestPoint_1.2x3mm,272.750000,-48.550000,0.000000,top
TP10,TestPoint,TestPoint_1.2x3mm,284.750000,-48.550000,0.000000,top
TP11,TestPoint,TestPoint_1.2x3mm,264.750000,-48.550000,0.000000,top
TP12,TestPoint,TestPoint_1.2x3mm,286.750000,-48.550000,0.000000,top
TP13,TestPoint,TestPoint_1.2x3mm,266.750000,-48.550000,0.000000,top
TP14,TestPoint,TestPoint_1.2x3mm,276.750000,-48.550000,0.000000,top
TP15,TestPoint,TestPoint_1.2x3mm,278.750000,-48.550000,0.000000,top
TP16,TestPoint,TestPoint_1.2x3mm,288.750000,-48.550000,0.000000,top
TP17,TestPoint,TestPoint_1.2x3mm,290.750000,-48.550000,0.000000,top
TP18,TestPoint,TestPoint_1.2x3mm,256.750000,-8.800000,0.000000,top
TP19,TestPoint,TestPoint_1.2x3mm,272.750000,-8.650000,0.000000,top
TP20,TestPoint,TestPoint_1.2x3mm,270.750000,-8.650000,0.000000,top
TP21,TestPoint,TestPoint_1.2x3mm,282.750000,-48.550000,0.000000,top
TP22,TestPoint,TestPoint_1.2x3mm,278.750000,-8.650000,0.000000,top
TP23,TestPoint,TestPoint_1.2x3mm,276.750000,-8.650000,0.000000,top
TP24,TestPoint,TestPoint_1.2x3mm,282.750000,-8.650000,0.000000,top
TP25,TestPoint,TestPoint_1.2x3mm,280.750000,-8.650000,0.000000,top
TP26,TestPoint,TestPoint_1.2x3mm,286.750000,-8.650000,0.000000,top
TP27,TestPoint,TestPoint_1.2x3mm,284.750000,-8.650000,0.000000,top
TP28,TestPoint,TestPoint_1.2x3mm,288.750000,-8.650000,0.000000,top
TP29,TestPoint,TestPoint_1.2x3mm,258.750000,-48.550000,0.000000,top
TP30,TestPoint,TestPoint_1.2x3mm,260.750000,-48.550000,0.000000,top
TP31,TestPoint,TestPoint_1.2x3mm,260.750000,-8.650000,0.000000,top
TP32,TestPoint,TestPoint_1.2x3mm,258.750000,-8.800000,0.000000,top
TP33,TestPoint,TestPoint_1.2x3mm,256.750000,-48.550000,0.000000,top
TP35,TestPoint,TestPoint_1.2x3mm,290.750000,-8.650000,0.000000,top
TP36,TestPoint,TestPoint_1.2x3mm,292.750000,-48.550000,0.000000,top
TP50,TestPoint,TestPoint_1.2x3mm,264.750000,-8.650000,0.000000,top
TP51,TestPoint,TestPoint_1.2x3mm,292.750000,-8.650000,0.000000,top
U1,AMS1117-3.3,SOT-223-3_TabPin2,263.750000,-19.350000,90.000000,top
U2,ESP32-WROOM-32,ESP32-WROOM-32,283.650000,-23.000000,180.000000,top
MOUSE-BITE-5MM-SLOT,VAL**,mouse-bite-5mm-slot,253.350000,-4.150000,0.000000,top
MOUSE-BITE-5MM-SLOT,VAL**,mouse-bite-5mm-slot,104.050000,-1.100000,0.000000,top
MOUSE-BITE-5MM-SLOT,VAL**,mouse-bite-5mm-slot,312.200000,-97.900000,131.000000,top
MOUSE-BITE-5MM-SLOT,VAL**,mouse-bite-5mm-slot,13.700000,-50.600000,-143.000000,top
MOUSE-BITE-5MM-SLOT,VAL**,mouse-bite-5mm-slot,296.300000,-28.450000,90.000000,top
MOUSE-BITE-5MM-SLOT,VAL**,mouse-bite-5mm-slot,101.400000,-187.600000,0.000000,top
MOUSE-BITE-5MM-SLOT,VAL**,mouse-bite-5mm-slot,285.100000,-145.600000,69.500000,top
MOUSE-BITE-5MM-SLOT,VAL**,mouse-bite-5mm-slot,250.850000,-52.800000,0.000000,top
MOUSE-BITE-5MM-SLOT,VAL**,mouse-bite-5mm-slot,214.500000,-177.700000,-31.000000,top
MOUSE-BITE-5MM-SLOT,VAL**,mouse-bite-5mm-slot,1.650000,-79.070000,-47.000000,top
